-- Inserts below, Updates located in Update_Friends_DML.sql


DELETE FROM Addresses;
DELETE FROM CODStats;
DELETE FROM FortKiteStats;
DELETE FROM MaddeningStats;
DELETE FROM SantaAns;
DELETE FROM UserGamer;
DELETE FROM Users;

INSERT INTO Users (UserId, Avatar, FirstName, LastName, Email) VALUES ('1', 'https://robohash.org/aliquidminimarerum.png?size=50x50&set=set', 'Deana', 'Cappineer', 'dcappineer0@skype.com');
INSERT INTO Users (UserId, Avatar, FirstName, LastName, Email) VALUES ('2', 'https://robohash.org/similiquenullarerum.png?size=50x50&set=set', 'Isidor', 'Arons', 'iarons1@odnoklassniki.ru');
INSERT INTO Users (UserId, Avatar, FirstName, LastName, Email) VALUES ('3', 'https://robohash.org/illumilloeligendi.png?size=50x50&set=set', null, null, 'elinnard2@hexun.com');
INSERT INTO Users (UserId, Avatar, FirstName, LastName, Email) VALUES ('4', 'https://robohash.org/velitestrerum.png?size=50x50&set=set', null, null, 'cmcnelis3@apache.org');
INSERT INTO Users (UserId, Avatar, FirstName, LastName, Email) VALUES ('5', 'https://robohash.org/maximedoloremqui.png?size=50x50&set=set2', 'Lindi', 'Seeger', 'lseeger4@delicious.com');
INSERT INTO Users (UserId, Avatar, FirstName, LastName, Email) VALUES ('6', 'https://robohash.org/illoaccusamusconsequatur.png?size=50x50&set=set', null, null, null);
INSERT INTO Users (UserId, Avatar, FirstName, LastName, Email) VALUES ('7', 'https://robohash.org/cupiditateeligendiab.png?size=50x50&set=set', null, null, 'cskippings6@xing.com');
INSERT INTO Users (UserId, Avatar, FirstName, LastName, Email) VALUES ('8', 'https://robohash.org/autsedfacilis.png?size=50x50&set=set', null, null, 'jgallgher7@paginegialle.it');
INSERT INTO Users (UserId, Avatar, FirstName, LastName, Email) VALUES ('9', 'https://robohash.org/omnisdeseruntdelectus.png?size=50x50&set=set', null, null, 'ecoveny8@skype.com');
INSERT INTO Users (UserId, Avatar, FirstName, LastName, Email) VALUES ('10', 'https://robohash.org/quamexcepturiab.png?size=50x50&set=set', null, null, 'ngaymer9@sphinn.com');
INSERT INTO Users (UserId, Avatar, FirstName, LastName, Email) VALUES ('11', 'https://robohash.org/suntquisquamneque.png?size=50x50&set=set', null, null, 'gbannarda@ovh.net');
INSERT INTO Users (UserId, Avatar, FirstName, LastName, Email) VALUES ('12', 'https://robohash.org/impeditquisquamsapiente.png?size=50x50&set=set', 'Devon', 'Place', 'dplaceb@amazonaws.com');
INSERT INTO Users (UserId, Avatar, FirstName, LastName, Email) VALUES ('13', 'https://robohash.org/cupiditatenatusullam.png?size=50x50&set=set', 'Mel', 'Iceton', 'micetonc@hhs.gov');
INSERT INTO Users (UserId, Avatar, FirstName, LastName, Email) VALUES ('14', 'https://robohash.org/etquiquod.png?size=50x50&set=set3', 'Amelie', 'Dearan', 'adearand@wikimedia.org');
INSERT INTO Users (UserId, Avatar, FirstName, LastName, Email) VALUES ('15', 'https://robohash.org/aspernaturipsumsed.png?size=50x50&set=set', 'Ranee', 'Cleverly', 'rcleverlye@ning.com');
INSERT INTO Users (UserId, Avatar, FirstName, LastName, Email) VALUES ('16', 'https://robohash.org/laboriosamquifugiat.png?size=50x50&set=set', null, null, 'fcantwellf@japanpost.jp');
INSERT INTO Users (UserId, Avatar, FirstName, LastName, Email) VALUES ('17', 'https://robohash.org/optiorepudiandaesapiente.png?size=50x50&set=set', 'Gerrie', 'Pattemore', 'gpattemoreg@dmoz.org');
INSERT INTO Users (UserId, Avatar, FirstName, LastName, Email) VALUES ('18', 'https://robohash.org/debitisnihilvoluptatem.png?size=50x50&set=set', 'Bendix', 'Alphege', 'balphegeh@ocn.ne.jp');
INSERT INTO Users (UserId, Avatar, FirstName, LastName, Email) VALUES ('19', 'https://robohash.org/beataequisvero.png?size=50x50&set=set', null, null, 'pambrogiottii@irs.gov');
INSERT INTO Users (UserId, Avatar, FirstName, LastName, Email) VALUES ('20', 'https://robohash.org/nondoloresea.png?size=50x50&set=set', 'Hyacinth', 'Adkin', 'hadkinj@nba.com');
INSERT INTO Users (UserId, Avatar, FirstName, LastName, Email) VALUES ('21', 'https://robohash.org/etcumqueest.png?size=50x50&set=set', 'Forbes', 'Dorset', 'fdorsetk@sphinn.com');
INSERT INTO Users (UserId, Avatar, FirstName, LastName, Email) VALUES ('22', 'https://robohash.org/magniataut.png?size=50x50&set=set', null, null, 'ktolussil@qq.com');
INSERT INTO Users (UserId, Avatar, FirstName, LastName, Email) VALUES ('23', 'https://robohash.org/doloresmagniquia.png?size=50x50&set=set', 'Tedd', 'Rymell', 'trymellm@uol.com.br');
INSERT INTO Users (UserId, Avatar, FirstName, LastName, Email) VALUES ('24', 'https://robohash.org/perferendisetquia.png?size=50x50&set=set', 'Jodi', 'Curwood', null);
INSERT INTO Users (UserId, Avatar, FirstName, LastName, Email) VALUES ('25', 'https://robohash.org/consequaturrationetempore.png?size=50x50&set=set', 'Wald', 'Le Breton De La Vieuville', 'wleo@blogger.com');
INSERT INTO Users (UserId, Avatar, FirstName, LastName, Email) VALUES ('26', 'https://robohash.org/nihilutrerum.png?size=50x50&set=set', null, null, 'mpoletp@smugmug.com');
INSERT INTO Users (UserId, Avatar, FirstName, LastName, Email) VALUES ('27', 'https://robohash.org/voluptatibusquiaquam.png?size=50x50&set=set', 'Opalina', 'Roome', 'oroomeq@mlb.com');
INSERT INTO Users (UserId, Avatar, FirstName, LastName, Email) VALUES ('28', 'https://robohash.org/accusantiumquaequo.png?size=50x50&set=set', 'Elyssa', 'Poulsum', 'epoulsumr@google.com.br');
INSERT INTO Users (UserId, Avatar, FirstName, LastName, Email) VALUES ('29', 'https://robohash.org/etmagnimodi.png?size=50x50&set=set', 'Laryssa', 'Andrusyak', 'landrusyaks@etsy.com');
INSERT INTO Users (UserId, Avatar, FirstName, LastName, Email) VALUES ('30', 'https://robohash.org/nihilquiporro.png?size=50x50&set=set', 'Kevon', 'Odeson', 'kodesont@netlog.com');
INSERT INTO Users (UserId, Avatar, FirstName, LastName, Email) VALUES ('31', 'https://robohash.org/quasaliaseum.png?size=50x50&set=set2', null, null, 'mriselyu@bandcamp.com');
INSERT INTO Users (UserId, Avatar, FirstName, LastName, Email) VALUES ('32', 'https://robohash.org/cupiditatesequinemo.png?size=50x50&set=set', 'Jeralee', 'Gooddy', 'jgooddyv@geocities.com');
INSERT INTO Addresses (LocalId, UserId, IpAddress, Location) VALUES ('1', '1', '78.74.203.61', null);
INSERT INTO Addresses (LocalId, UserId, IpAddress, Location) VALUES ('2', '2', '255.113.174.58', 'Moscow, Russia');
INSERT INTO Addresses (LocalId, UserId, IpAddress, Location) VALUES ('3', '3', null, null);
INSERT INTO Addresses (LocalId, UserId, IpAddress, Location) VALUES ('4', '4', '221.112.139.45', '543 Runaway, Milan, Italy');
INSERT INTO Addresses (LocalId, UserId, IpAddress, Location) VALUES ('5', '5', '174.50.175.105', 'Peru');
INSERT INTO Addresses (LocalId, UserId, IpAddress, Location) VALUES ('6', '6', '242.75.38.74', 'Malaysia');
INSERT INTO Addresses (LocalId, UserId, IpAddress, Location) VALUES ('7', '7', '42.4.179.116', 'BR');
INSERT INTO Addresses (LocalId, UserId, IpAddress, Location) VALUES ('8', '8', null, 'Italy');
INSERT INTO Addresses (LocalId, UserId, IpAddress, Location) VALUES ('9', '9', '240.197.90.163', 'Indonesia');
INSERT INTO Addresses (LocalId, UserId, IpAddress, Location) VALUES ('10', '10', '69.29.172.104', 'Lithuania');
INSERT INTO Addresses (LocalId, UserId, IpAddress, Location) VALUES ('11', '11', '14.88.155.1', 'Serbia');
INSERT INTO Addresses (LocalId, UserId, IpAddress, Location) VALUES ('12', '12', '56.33.42.134', 'Greenland people live there?');
INSERT INTO Addresses (LocalId, UserId, IpAddress, Location) VALUES ('13', '13', '65.79.73.175', 'Area 51, Arizona?, United States');
INSERT INTO Addresses (LocalId, UserId, IpAddress, Location) VALUES ('14', '14', '134.186.111.1', 'Philippines');
INSERT INTO Addresses (LocalId, UserId, IpAddress, Location) VALUES ('15', '15', null, 'Korea');
INSERT INTO Addresses (LocalId, UserId, IpAddress, Location) VALUES ('16', '16', '109.187.106.7', 'Mie, Japan in Kansai region');
INSERT INTO Addresses (LocalId, UserId, IpAddress, Location) VALUES ('17', '17', '162.160.35.18', 'Rio, Brazil');
INSERT INTO Addresses (LocalId, UserId, IpAddress, Location) VALUES ('18', '18', '243.185.216.55', 'Next to highway in Tokyo, Japan');
INSERT INTO Addresses (LocalId, UserId, IpAddress, Location) VALUES ('19', '19', '197.201.13.252', '3242 Bucking Dr. Armorillo, Tx, USA');
INSERT INTO Addresses (LocalId, UserId, IpAddress, Location) VALUES ('20', '20', '173.127.59.30', null);
INSERT INTO Addresses (LocalId, UserId, IpAddress, Location) VALUES ('21', '21', '143.227.134.249', 'Tel Aviv, Israel');
INSERT INTO Addresses (LocalId, UserId, IpAddress, Location) VALUES ('22', '22', null, 'Paris, France');
INSERT INTO Addresses (LocalId, UserId, IpAddress, Location) VALUES ('23', '23', '65.124.46.76', 'Brasilia, Brazil');
INSERT INTO Addresses (LocalId, UserId, IpAddress, Location) VALUES ('24', '24', '218.76.212.11', 'BC, Canada');
INSERT INTO Addresses (LocalId, UserId, IpAddress, Location) VALUES ('25', '25', '171.207.241.2', 'Uruguay');
INSERT INTO Addresses (LocalId, UserId, IpAddress, Location) VALUES ('26', '26', '197.59.235.24', 'Thailand');
INSERT INTO Addresses (LocalId, UserId, IpAddress, Location) VALUES ('27', '27', '211.129.151.66', 'Colombia');
INSERT INTO Addresses (LocalId, UserId, IpAddress, Location) VALUES ('28', '28', null, 'Brazil');
INSERT INTO Addresses (LocalId, UserId, IpAddress, Location) VALUES ('29', '29', '135.30.33.58', null);
INSERT INTO Addresses (LocalId, UserId, IpAddress, Location) VALUES ('30', '30', '28.172.65.66', 'Hungary');
INSERT INTO Addresses (LocalId, UserId, IpAddress, Location) VALUES ('31', '31', '55.240.138.219', '08750 Grim Way, Nova Scotia, B021r5');
INSERT INTO Addresses (LocalId, UserId, IpAddress, Location) VALUES ('32', '32', '2.110.199.64', '5 Warner Avenue, Maplewood ON g4n1f3');
INSERT INTO CODStats (CODId, UserId, CODKills, CODTeam, CODWins) VALUES ('1', '1', null, null, null);
INSERT INTO CODStats (CODId, UserId, CODKills, CODTeam, CODWins) VALUES ('2', '2', null, null, null);
INSERT INTO CODStats (CODId, UserId, CODKills, CODTeam, CODWins) VALUES ('3', '3', '622', 'Zorilla', '96');
INSERT INTO CODStats (CODId, UserId, CODKills, CODTeam, CODWins) VALUES ('4', '4', '183', 'Springbok', '59');
INSERT INTO CODStats (CODId, UserId, CODKills, CODTeam, CODWins) VALUES ('5', '5', '610', 'Springbok', null);
INSERT INTO CODStats (CODId, UserId, CODKills, CODTeam, CODWins) VALUES ('6', '6', '463', 'Springbok', '26');
INSERT INTO CODStats (CODId, UserId, CODKills, CODTeam, CODWins) VALUES ('7', '7', '767', 'Springbok', null);
INSERT INTO CODStats (CODId, UserId, CODKills, CODTeam, CODWins) VALUES ('8', '8', '505', 'Ibex', '135');
INSERT INTO CODStats (CODId, UserId, CODKills, CODTeam, CODWins) VALUES ('9', '9', '793', 'Kelp gull', '21');
INSERT INTO CODStats (CODId, UserId, CODKills, CODTeam, CODWins) VALUES ('10', '10', '856', 'Ibex', '134');
INSERT INTO CODStats (CODId, UserId, CODKills, CODTeam, CODWins) VALUES ('11', '11', null, null, null);
INSERT INTO CODStats (CODId, UserId, CODKills, CODTeam, CODWins) VALUES ('12', '12', null, null, null);
INSERT INTO CODStats (CODId, UserId, CODKills, CODTeam, CODWins) VALUES ('13', '13', null, null, null);
INSERT INTO CODStats (CODId, UserId, CODKills, CODTeam, CODWins) VALUES ('14', '14', '355', 'Ibex', '40');
INSERT INTO CODStats (CODId, UserId, CODKills, CODTeam, CODWins) VALUES ('15', '15', '398', 'Ibex', null);
INSERT INTO CODStats (CODId, UserId, CODKills, CODTeam, CODWins) VALUES ('16', '16', '342', 'Grizzly bear', '16');
INSERT INTO CODStats (CODId, UserId, CODKills, CODTeam, CODWins) VALUES ('17', '17', '946', 'Grizzly bear', '179');
INSERT INTO CODStats (CODId, UserId, CODKills, CODTeam, CODWins) VALUES ('18', '18', '287', 'Grizzly bear', null);
INSERT INTO CODStats (CODId, UserId, CODKills, CODTeam, CODWins) VALUES ('19', '19', '624', 'Asiatic jackal', '82');
INSERT INTO CODStats (CODId, UserId, CODKills, CODTeam, CODWins) VALUES ('20', '20', '842', null, '35');
INSERT INTO CODStats (CODId, UserId, CODKills, CODTeam, CODWins) VALUES ('21', '21', '869', 'Asiatic jackal', '120');
INSERT INTO CODStats (CODId, UserId, CODKills, CODTeam, CODWins) VALUES ('22', '22', '1000', 'Secretary bird', null);
INSERT INTO CODStats (CODId, UserId, CODKills, CODTeam, CODWins) VALUES ('23', '23', '428', 'Asiatic jackal', '118');
INSERT INTO CODStats (CODId, UserId, CODKills, CODTeam, CODWins) VALUES ('24', '24', '945', 'Secretary bird', null);
INSERT INTO CODStats (CODId, UserId, CODKills, CODTeam, CODWins) VALUES ('25', '24', '946', 'Ibex', null);
INSERT INTO CODStats (CODId, UserId, CODKills, CODTeam, CODWins) VALUES ('26', '25', '676', 'Asiatic jackal', null);
INSERT INTO CODStats (CODId, UserId, CODKills, CODTeam, CODWins) VALUES ('27', '25', '677', 'Secretary bird', null);
INSERT INTO CODStats (CODId, UserId, CODKills, CODTeam, CODWins) VALUES ('28', '26', '746', null, '131');
INSERT INTO CODStats (CODId, UserId, CODKills, CODTeam, CODWins) VALUES ('29', '27', '585', 'Egyptian vulture', '150');
INSERT INTO CODStats (CODId, UserId, CODKills, CODTeam, CODWins) VALUES ('30', '27', '586', 'Zorilla', '151');
INSERT INTO CODStats (CODId, UserId, CODKills, CODTeam, CODWins) VALUES ('31', '28', null, null, null);
INSERT INTO CODStats (CODId, UserId, CODKills, CODTeam, CODWins) VALUES ('32', '29', null, null, null);
INSERT INTO CODStats (CODId, UserId, CODKills, CODTeam, CODWins) VALUES ('33', '30', '654', 'Zorilla', '16');
INSERT INTO CODStats (CODId, UserId, CODKills, CODTeam, CODWins) VALUES ('34', '31', null, null, null);
INSERT INTO CODStats (CODId, UserId, CODKills, CODTeam, CODWins) VALUES ('35', '32', null, null, null);
INSERT INTO FortKiteStats (FortId, UserId, FortKiteKills, FortKiteWins) VALUES ('1', '1', null, null);
INSERT INTO FortKiteStats (FortId, UserId, FortKiteKills, FortKiteWins) VALUES ('2', '2', null, null);
INSERT INTO FortKiteStats (FortId, UserId, FortKiteKills, FortKiteWins) VALUES ('3', '3', '333', '169');
INSERT INTO FortKiteStats (FortId, UserId, FortKiteKills, FortKiteWins) VALUES ('4', '4', '187', '188');
INSERT INTO FortKiteStats (FortId, UserId, FortKiteKills, FortKiteWins) VALUES ('5', '5', null, null);
INSERT INTO FortKiteStats (FortId, UserId, FortKiteKills, FortKiteWins) VALUES ('6', '6', '951', '4');
INSERT INTO FortKiteStats (FortId, UserId, FortKiteKills, FortKiteWins) VALUES ('7', '7', null, null);
INSERT INTO FortKiteStats (FortId, UserId, FortKiteKills, FortKiteWins) VALUES ('8', '8', '550', '38');
INSERT INTO FortKiteStats (FortId, UserId, FortKiteKills, FortKiteWins) VALUES ('9', '9', '183', '96');
INSERT INTO FortKiteStats (FortId, UserId, FortKiteKills, FortKiteWins) VALUES ('10', '10', '17', '130');
INSERT INTO FortKiteStats (FortId, UserId, FortKiteKills, FortKiteWins) VALUES ('11', '11', null, null);
INSERT INTO FortKiteStats (FortId, UserId, FortKiteKills, FortKiteWins) VALUES ('12', '12', null, null);
INSERT INTO FortKiteStats (FortId, UserId, FortKiteKills, FortKiteWins) VALUES ('13', '13', null, null);
INSERT INTO FortKiteStats (FortId, UserId, FortKiteKills, FortKiteWins) VALUES ('14', '14', '241', '178');
INSERT INTO FortKiteStats (FortId, UserId, FortKiteKills, FortKiteWins) VALUES ('15', '15', null, null);
INSERT INTO FortKiteStats (FortId, UserId, FortKiteKills, FortKiteWins) VALUES ('16', '16', '175', '173');
INSERT INTO FortKiteStats (FortId, UserId, FortKiteKills, FortKiteWins) VALUES ('17', '17', '60', '186');
INSERT INTO FortKiteStats (FortId, UserId, FortKiteKills, FortKiteWins) VALUES ('18', '18', null, null);
INSERT INTO FortKiteStats (FortId, UserId, FortKiteKills, FortKiteWins) VALUES ('19', '19', '247', '87');
INSERT INTO FortKiteStats (FortId, UserId, FortKiteKills, FortKiteWins) VALUES ('20', '20', '599', '0');
INSERT INTO FortKiteStats (FortId, UserId, FortKiteKills, FortKiteWins) VALUES ('21', '21', '46', '160');
INSERT INTO FortKiteStats (FortId, UserId, FortKiteKills, FortKiteWins) VALUES ('22', '22', null, null);
INSERT INTO FortKiteStats (FortId, UserId, FortKiteKills, FortKiteWins) VALUES ('23', '23', '239', '196');
INSERT INTO FortKiteStats (FortId, UserId, FortKiteKills, FortKiteWins) VALUES ('24', '24', null, null);
INSERT INTO FortKiteStats (FortId, UserId, FortKiteKills, FortKiteWins) VALUES ('25', '25', null, null);
INSERT INTO FortKiteStats (FortId, UserId, FortKiteKills, FortKiteWins) VALUES ('26', '26', '160', '114');
INSERT INTO FortKiteStats (FortId, UserId, FortKiteKills, FortKiteWins) VALUES ('27', '27', '897', '183');
INSERT INTO FortKiteStats (FortId, UserId, FortKiteKills, FortKiteWins) VALUES ('28', '28', null, null);
INSERT INTO FortKiteStats (FortId, UserId, FortKiteKills, FortKiteWins) VALUES ('29', '29', null, null);
INSERT INTO FortKiteStats (FortId, UserId, FortKiteKills, FortKiteWins) VALUES ('30', '30', '422', '188');
INSERT INTO FortKiteStats (FortId, UserId, FortKiteKills, FortKiteWins) VALUES ('31', '31', null, null);
INSERT INTO FortKiteStats (FortId, UserId, FortKiteKills, FortKiteWins) VALUES ('32', '32', null, null);
INSERT INTO MaddeningStats (MadId, UserId, Mad2025Wins, Mad2025Losses, Mad2025Ties, Mad2025Team) VALUES ('1', '1', '7', '3', '0', 'Arizona Cardinals');
INSERT INTO MaddeningStats (MadId, UserId, Mad2025Wins, Mad2025Losses, Mad2025Ties, Mad2025Team) VALUES ('2', '2', '6', '4', '0', 'Atlanta Falcons');
INSERT INTO MaddeningStats (MadId, UserId, Mad2025Wins, Mad2025Losses, Mad2025Ties, Mad2025Team) VALUES ('3', '3', '5', '5', '0', 'Baltimore Ravens');
INSERT INTO MaddeningStats (MadId, UserId, Mad2025Wins, Mad2025Losses, Mad2025Ties, Mad2025Team) VALUES ('4', '4', '7', '3', '0', 'Buffalo Bills');
INSERT INTO MaddeningStats (MadId, UserId, Mad2025Wins, Mad2025Losses, Mad2025Ties, Mad2025Team) VALUES ('5', '5', '5', '5', '0', 'Carolina Panthers');
INSERT INTO MaddeningStats (MadId, UserId, Mad2025Wins, Mad2025Losses, Mad2025Ties, Mad2025Team) VALUES ('6', '6', '5', '6', '0', 'Chicago Bears');
INSERT INTO MaddeningStats (MadId, UserId, Mad2025Wins, Mad2025Losses, Mad2025Ties, Mad2025Team) VALUES ('7', '7', '4', '6', '0', 'Cincinnati Bengals');
INSERT INTO MaddeningStats (MadId, UserId, Mad2025Wins, Mad2025Losses, Mad2025Ties, Mad2025Team) VALUES ('8', '8', '7', '3', '0', 'Cleveland Browns');
INSERT INTO MaddeningStats (MadId, UserId, Mad2025Wins, Mad2025Losses, Mad2025Ties, Mad2025Team) VALUES ('9', '9', '6', '4', '0', 'Dallas Cowboys');
INSERT INTO MaddeningStats (MadId, UserId, Mad2025Wins, Mad2025Losses, Mad2025Ties, Mad2025Team) VALUES ('10', '10', '5', '5', '0', 'Denver Broncos');
INSERT INTO MaddeningStats (MadId, UserId, Mad2025Wins, Mad2025Losses, Mad2025Ties, Mad2025Team) VALUES ('11', '11', '3', '7', '0', 'Detroit Lions');
INSERT INTO MaddeningStats (MadId, UserId, Mad2025Wins, Mad2025Losses, Mad2025Ties, Mad2025Team) VALUES ('12', '12', '7', '3', '0', 'Green Bay Packers');
INSERT INTO MaddeningStats (MadId, UserId, Mad2025Wins, Mad2025Losses, Mad2025Ties, Mad2025Team) VALUES ('13', '13', '6', '5', '0', 'Houston Texans');
INSERT INTO MaddeningStats (MadId, UserId, Mad2025Wins, Mad2025Losses, Mad2025Ties, Mad2025Team) VALUES ('14', '14', '4', '6', '0', 'Indianapolis Colts');
INSERT INTO MaddeningStats (MadId, UserId, Mad2025Wins, Mad2025Losses, Mad2025Ties, Mad2025Team) VALUES ('15', '15', '2', '8', '0', 'Jacksonville Jaguars');
INSERT INTO MaddeningStats (MadId, UserId, Mad2025Wins, Mad2025Losses, Mad2025Ties, Mad2025Team) VALUES ('16', '16', '9', '1', '0', 'Kansas City Chiefs');
INSERT INTO MaddeningStats (MadId, UserId, Mad2025Wins, Mad2025Losses, Mad2025Ties, Mad2025Team) VALUES ('17', '17', '7', '3', '0', 'Las Vegas Raiders');
INSERT INTO MaddeningStats (MadId, UserId, Mad2025Wins, Mad2025Losses, Mad2025Ties, Mad2025Team) VALUES ('18', '18', '4', '7', '0', 'Los Angeles Chargers');
INSERT INTO MaddeningStats (MadId, UserId, Mad2025Wins, Mad2025Losses, Mad2025Ties, Mad2025Team) VALUES ('19', '19', '3', '8', '0', 'Los Angeles Rams');
INSERT INTO MaddeningStats (MadId, UserId, Mad2025Wins, Mad2025Losses, Mad2025Ties, Mad2025Team) VALUES ('20', '20', '8', '2', '0', 'Miami Dolphins');
INSERT INTO MaddeningStats (MadId, UserId, Mad2025Wins, Mad2025Losses, Mad2025Ties, Mad2025Team) VALUES ('21', '21', '6', '5', '0', 'Minnesota Vikings');
INSERT INTO MaddeningStats (MadId, UserId, Mad2025Wins, Mad2025Losses, Mad2025Ties, Mad2025Team) VALUES ('22', '22', '4', '6', '0', 'New England Patriots');
INSERT INTO MaddeningStats (MadId, UserId, Mad2025Wins, Mad2025Losses, Mad2025Ties, Mad2025Team) VALUES ('23', '23', '3', '8', '0', 'New Orleans Saints');
INSERT INTO MaddeningStats (MadId, UserId, Mad2025Wins, Mad2025Losses, Mad2025Ties, Mad2025Team) VALUES ('24', '24', '7', '3', '0', 'New York Giants');
INSERT INTO MaddeningStats (MadId, UserId, Mad2025Wins, Mad2025Losses, Mad2025Ties, Mad2025Team) VALUES ('25', '25', '6', '4', '0', 'New York Jets');
INSERT INTO MaddeningStats (MadId, UserId, Mad2025Wins, Mad2025Losses, Mad2025Ties, Mad2025Team) VALUES ('26', '26', '4', '6', '0', 'Philadelphia Eagles');
INSERT INTO MaddeningStats (MadId, UserId, Mad2025Wins, Mad2025Losses, Mad2025Ties, Mad2025Team) VALUES ('27', '27', '2', '9', '0', 'Pittsburgh Steelers');
INSERT INTO MaddeningStats (MadId, UserId, Mad2025Wins, Mad2025Losses, Mad2025Ties, Mad2025Team) VALUES ('28', '28', '4', '6', '0', 'San Francisco 49ers');
INSERT INTO MaddeningStats (MadId, UserId, Mad2025Wins, Mad2025Losses, Mad2025Ties, Mad2025Team) VALUES ('29', '29', '5', '5', '0', 'Seattle Seahawks');
INSERT INTO MaddeningStats (MadId, UserId, Mad2025Wins, Mad2025Losses, Mad2025Ties, Mad2025Team) VALUES ('30', '30', '4', '6', '0', 'Tampa Bay Buccaneers');
INSERT INTO MaddeningStats (MadId, UserId, Mad2025Wins, Mad2025Losses, Mad2025Ties, Mad2025Team) VALUES ('31', '31', '8', '3', '0', 'Tennessee Titans');
INSERT INTO MaddeningStats (MadId, UserId, Mad2025Wins, Mad2025Losses, Mad2025Ties, Mad2025Team) VALUES ('32', '32', '1', '9', '0', 'Washington Commanders');
INSERT INTO SantaAns (SantaId, UserId, SecretSanta) VALUES ('1', '1', null);
INSERT INTO SantaAns (SantaId, UserId, SecretSanta) VALUES ('2', '2', 'n');
INSERT INTO SantaAns (SantaId, UserId, SecretSanta) VALUES ('3', '3', 'n');
INSERT INTO SantaAns (SantaId, UserId, SecretSanta) VALUES ('4', '4', 'n');
INSERT INTO SantaAns (SantaId, UserId, SecretSanta) VALUES ('5', '5', null);
INSERT INTO SantaAns (SantaId, UserId, SecretSanta) VALUES ('6', '6', 'y');
INSERT INTO SantaAns (SantaId, UserId, SecretSanta) VALUES ('7', '7', 'y');
INSERT INTO SantaAns (SantaId, UserId, SecretSanta) VALUES ('8', '8', null);
INSERT INTO SantaAns (SantaId, UserId, SecretSanta) VALUES ('9', '9', null);
INSERT INTO SantaAns (SantaId, UserId, SecretSanta) VALUES ('10', '10', 'n');
INSERT INTO SantaAns (SantaId, UserId, SecretSanta) VALUES ('11', '11', 'n');
INSERT INTO SantaAns (SantaId, UserId, SecretSanta) VALUES ('12', '12', 'n');
INSERT INTO SantaAns (SantaId, UserId, SecretSanta) VALUES ('13', '13', 'n');
INSERT INTO SantaAns (SantaId, UserId, SecretSanta) VALUES ('14', '14', null);
INSERT INTO SantaAns (SantaId, UserId, SecretSanta) VALUES ('15', '15', null);
INSERT INTO SantaAns (SantaId, UserId, SecretSanta) VALUES ('16', '16', 'y');
INSERT INTO SantaAns (SantaId, UserId, SecretSanta) VALUES ('17', '17', 'y');
INSERT INTO SantaAns (SantaId, UserId, SecretSanta) VALUES ('18', '18', null);
INSERT INTO SantaAns (SantaId, UserId, SecretSanta) VALUES ('19', '19', 'y');
INSERT INTO SantaAns (SantaId, UserId, SecretSanta) VALUES ('20', '20', 'n');
INSERT INTO SantaAns (SantaId, UserId, SecretSanta) VALUES ('21', '21', 'n');
INSERT INTO SantaAns (SantaId, UserId, SecretSanta) VALUES ('22', '22', 'n');
INSERT INTO SantaAns (SantaId, UserId, SecretSanta) VALUES ('23', '23', null);
INSERT INTO SantaAns (SantaId, UserId, SecretSanta) VALUES ('24', '24', 'n');
INSERT INTO SantaAns (SantaId, UserId, SecretSanta) VALUES ('25', '25', 'n');
INSERT INTO SantaAns (SantaId, UserId, SecretSanta) VALUES ('26', '26', 'n');
INSERT INTO SantaAns (SantaId, UserId, SecretSanta) VALUES ('27', '27', 'n');
INSERT INTO SantaAns (SantaId, UserId, SecretSanta) VALUES ('28', '28', null);
INSERT INTO SantaAns (SantaId, UserId, SecretSanta) VALUES ('29', '29', null);
INSERT INTO SantaAns (SantaId, UserId, SecretSanta) VALUES ('30', '30', null);
INSERT INTO SantaAns (SantaId, UserId, SecretSanta) VALUES ('31', '31', null);
INSERT INTO SantaAns (SantaId, UserId, SecretSanta) VALUES ('32', '32', null);
INSERT INTO UserGamer (GamerId, UserId, Gamertag) VALUES ('1', '1', 'dcappineer0');
INSERT INTO UserGamer (GamerId, UserId, Gamertag) VALUES ('2', '2', 'iarons1');
INSERT INTO UserGamer (GamerId, UserId, Gamertag) VALUES ('3', '3', 'rgeraldo2');
INSERT INTO UserGamer (GamerId, UserId, Gamertag) VALUES ('4', '4', 'mianilli3');
INSERT INTO UserGamer (GamerId, UserId, Gamertag) VALUES ('5', '5', 'lseeger4');
INSERT INTO UserGamer (GamerId, UserId, Gamertag) VALUES ('6', '5', 'gleezy');
INSERT INTO UserGamer (GamerId, UserId, Gamertag) VALUES ('7', '6', 'efry5');
INSERT INTO UserGamer (GamerId, UserId, Gamertag) VALUES ('8', '7', 'efilmer6');
INSERT INTO UserGamer (GamerId, UserId, Gamertag) VALUES ('9', '8', 'wblanch7');
INSERT INTO UserGamer (GamerId, UserId, Gamertag) VALUES ('10', '9', 'sburdess8');
INSERT INTO UserGamer (GamerId, UserId, Gamertag) VALUES ('11', '10', 'cshurman9');
INSERT INTO UserGamer (GamerId, UserId, Gamertag) VALUES ('12', '11', 'sveleza');
INSERT INTO UserGamer (GamerId, UserId, Gamertag) VALUES ('13', '12', 'dplaceb');
INSERT INTO UserGamer (GamerId, UserId, Gamertag) VALUES ('14', '13', 'micetonc');
INSERT INTO UserGamer (GamerId, UserId, Gamertag) VALUES ('15', '14', 'adearand');
INSERT INTO UserGamer (GamerId, UserId, Gamertag) VALUES ('16', '14', 'dbeaver');
INSERT INTO UserGamer (GamerId, UserId, Gamertag) VALUES ('17', '14', 'slightfav');
INSERT INTO UserGamer (GamerId, UserId, Gamertag) VALUES ('18', '15', 'rcleverlye');
INSERT INTO UserGamer (GamerId, UserId, Gamertag) VALUES ('19', '16', 'eriddingtonf');
INSERT INTO UserGamer (GamerId, UserId, Gamertag) VALUES ('20', '17', 'gpattemoreg');
INSERT INTO UserGamer (GamerId, UserId, Gamertag) VALUES ('21', '18', 'balphegeh');
INSERT INTO UserGamer (GamerId, UserId, Gamertag) VALUES ('22', '19', 'abruckenthali');
INSERT INTO UserGamer (GamerId, UserId, Gamertag) VALUES ('23', '19', 'foosfoot');
INSERT INTO UserGamer (GamerId, UserId, Gamertag) VALUES ('24', '20', 'hadkinj');
INSERT INTO UserGamer (GamerId, UserId, Gamertag) VALUES ('25', '21', 'fdorsetk');
INSERT INTO UserGamer (GamerId, UserId, Gamertag) VALUES ('26', '22', 'jbrigstockl');
INSERT INTO UserGamer (GamerId, UserId, Gamertag) VALUES ('27', '23', 'trymellm');
INSERT INTO UserGamer (GamerId, UserId, Gamertag) VALUES ('28', '24', 'jcurwoodn');
INSERT INTO UserGamer (GamerId, UserId, Gamertag) VALUES ('29', '25', 'wleo');
INSERT INTO UserGamer (GamerId, UserId, Gamertag) VALUES ('30', '26', 'dbootyp');
INSERT INTO UserGamer (GamerId, UserId, Gamertag) VALUES ('31', '27', 'oroomeq');
INSERT INTO UserGamer (GamerId, UserId, Gamertag) VALUES ('32', '28', 'epoulsumr');
INSERT INTO UserGamer (GamerId, UserId, Gamertag) VALUES ('33', '29', 'landrusyaks');
INSERT INTO UserGamer (GamerId, UserId, Gamertag) VALUES ('34', '30', 'kodesont');
INSERT INTO UserGamer (GamerId, UserId, Gamertag) VALUES ('35', '31', 'ecrawshayu');
INSERT INTO UserGamer (GamerId, UserId, Gamertag) VALUES ('36', '31', 'caterpall');
INSERT INTO UserGamer (GamerId, UserId, Gamertag) VALUES ('37', '32', 'jgooddyv');

COMMIT;